Author,Year,N,non-infection/ICI,non-infection/ICI,ALT,N1,non-infection/control,OR,L,U,AEType1
Janjigian,2021,1,785,786,0,768,768,1.954315,0.1775674,21.50927,TRAE
Hellmann_Nivo+Ipi,2019,1,579,580,3,567,570,0.327586,0.034175,3.140101,TRAE
Hellmann_Nivo,2019,1,390,391,2,385,387,0.494885,0.045058,5.435504,TRAE
Heijden,2023,1,303,304,0,288,288,1.895425,0.1727903,20.79189,TRAE
Atkins_A,2022,2,124,126,1,129,130,2.063492,0.189463,22.47405,TRAE
Atkins_B,2022,0,42,42,4,22,26,0.069767,0.003909,1.245203,TRAE
Doki_Nivo,2022,0,310,310,1,303,304,0.4903846,0.04469561,5.380329,TRAE
Doki_Nivo+Ipi,2022,0,322,322,2,302,304,0.3148148,0.03292298,3.01031,TRAE
Spigel,2021,0,282,282,1,264,265,0.31331,0.012819,7.657795,TRAE
Haddad,2022,0,468,468,5,443,448,0.1595745,0.01928676,1.320284,TRAE
Yau,2022,0,367,367,1,362,363,0.4945799,0.04504102,5.430813,TRAE
Baas,2021,0,300,300,1,283,284,0.6390728,0.05822098,7.014896,TRAE
Owonikoko,2021,1,277,278,0,273,273,1.964286,0.1791383,21.53876,TRAE
Castro,2023,4,406,410,5,394,399,0.7785366,0.2105772,2.87837,TRAE
Peters,2022,1,77,78,0,75,75,1.925,0.1781565,20.79983,TEAE
Pal ,2023,0,262,262,1,255,256,0.4886364,0.04457882,5.35603,TEAE
Allaf,2024,2,364,366,1,386,387,2.114754,0.1925684,23.22388,TRAE
Kato,2019,0,209,209,1,207,208,0.4976303,0.04546634,5.446578,TRAE
Sugawara,2021,1,272,273,1,274,275,1.007326,0.06332365,16.02412,TRAE
Psyrri_Durva,2023,0,204,204,1,205,206,0.504854,0.046132,5.524932,TRAE
Psyrri_Durva+Treme,2023,0,413,413,1,205,206,0.250602,0.022855,2.747882,TRAE
Rizvi_Durva,2020,2,367,369,1,351,352,1.907859,0.1737614,20.94785,TEAE
Rizvi_Durva+Treme,2020,2,369,371,1,351,352,1.897574,0.1728226,20.83516,TEAE
Goldman_Durva,2021,4,261,265,1,265,266,4.015094,0.451729,35.68729,TRAE
Goldman_Durva+Treme,,1,265,266,1,265,266,1,0.06287269,15.90516,TRAE
Johnson_Durva+Treme,2022,2,328,330,0,333,333,3.027108,0.3164754,28.95449,TRAE
Kang,2022,2,357,359,3,356,359,0.6666667,0.1120622,3.966052,TRAE
Brahmer,2015,0,131,131,1,128,129,0.4924812,0.04520065,5.365801,TRAE
Gogishvili,2022,2,310,312,0,153,153,1.480892,0.1553033,14.12102,TRAE
Xu,2023,1,323,324,2,319,321,0.4953704,0.0451402,5.436214,TRAE
Lu,2022,2,325,327,0,332,332,3.045593,0.3184178,29.13039,TEAE
Monk,2021,7,650,657,0,334,334,4.078907,0.5122673,32.47813,TRAE
Barlesi,2018,0,393,393,7,358,365,0.1161392,0.01459616,0.924101,TRAE
Liu,2024,0,99,99,1,49,50,0.257426,0.023895,2.773337,TEAE
Shen,2022,0,255,255,3,237,240,0.2354086,0.02649669,2.091476,TEAE
Miles,2021,1,431,432,1,216,217,0.5023148,0.03156883,7.992701,TRAE
Pujade_Ave+chemo,2021,0,182,182,3,174,177,0.2432065,0.02744671,2.155064,TRAE
Pujade_Ave,2021,0,187,187,3,174,177,0.2367725,0.02671723,2.098317,TRAE
Westin,2023,2,233,235,3,233,236,0.6695035,0.1128941,3.970404,TEAE
Oh,2024,15,323,338,9,333,342,1.686391,0.7482408,3.800799,TEAE
Monk,2023,2,383,385,1,383,384,1.994805,0.1816292,21.90863,TRAE
Powles,2018,0,459,459,2,441,443,0.3217643,0.03359434,3.081837,TRAE
Horn,2018,0,198,198,1,195,196,0.495,0.04524596,5.4154,TRAE
Antonia,2017,6,469,475,2,232,234,1.477895,0.3005803,7.266519,TEAE
Pal,2022,1,389,390,2,381,383,0.4910256,0.04470748,5.392971,TEAE
Herbst,2020,2,284,286,2,261,263,0.9195804,0.1304622,6.481787,TEAE
Schmid,2020,1,452,453,4,433,437,0.24117,0.02706117,2.149315,TEAE
Felip,2023,5,490,495,1,494,495,5,0.5862454,42.64426,TRAE
Lee,2023,0,300,300,2,145,147,0.1644592,0.01725275,1.567681,TRAE
Oaknin,2024,3,202,205,4,195,199,0.7280488,0.1650345,3.211783,TEAE
Cohen,2019,0,246,246,3,231,234,0.2379032,0.02678328,2.113182,TRAE
Burtness_Pem,2019,7,293,300,4,283,287,1.674167,0.4953587,5.658191,TRAE
Burtness_Pem+chemo,2019,10,266,276,4,283,287,2.599638,0.8250217,8.19144,TRAE
Moore,2021,3,639,642,11,633,644,0.2735769,0.07668046,0.9760546,TEAE
Winer,2021,0,309,309,1,291,292,0.4726688,0.04308588,5.18536,TRAE
Colombo,2021,2,305,307,3,306,309,0.6710098,0.1129044,3.987924,TEAE
Choueiri,2021,2,486,488,1,495,496,2.032787,0.1849191,22.34612,TEAE
Langer,2016,2,57,59,1,61,62,2.101695,0.1957063,22.57016,TEAE
Mok,2019,1,635,636,2,613,615,0.4834906,0.04395175,5.318631,TRAE
Shitara,2024,4,395,399,3,397,400,1.336675,0.3010882,5.934142,TEAE
Rha,2023,8,777,785,13,774,787,0.6169525,0.2571389,1.480252,TEAE
Long,2022,2,481,483,0,486,486,3.018557,0.3150757,28.91904,TEAE
O'Brien,2022,6,574,580,3,578,581,2.003448,0.5034473,7.972642,TRAE
Wakelee,2024,1,395,396,1,398,399,1.007576,0.06323973,16.05334,TEAE
Kelley,2023,5,524,529,9,525,534,0.5608066,0.1891938,1.662338,TEAE
Petrylak,2025,1,513,514,5,509,514,0.2,0.02344668,1.705999,TRAE
Machiels,2024,17,381,398,11,387,398,1.545455,0.7332456,3.257339,TEAE
Ferris,2016,5,231,236,3,108,111,0.7838983,0.1907159,3.222052,TRAE
Kwon,2014,14,379,393,11,385,396,1.282443,0.5894822,2.790007,TEAE
Powles_Durva,2020,1,344,345,2,311,313,0.4536232,0.04133244,4.978511,TRAE
Powles_Durva+Treme,2020,1,339,340,2,311,313,0.4602941,0.0419417,5.051552,TRAE
West,2019,15,458,473,5,227,232,1.471459,0.5413881,3.999332,TEAE
Eng_Ate+TKI,2019,5,174,179,2,78,80,1.117318,0.2214412,5.637616,TEAE
Eng_Ate,2019,1,89,90,2,78,80,0.4444444,0.04107061,4.809543,TEAE
Powles,2020,4,340,344,1,344,345,4.011628,0.4506543,35.71065,TEAE
Reck,2016,3,475,478,1,475,476,2.987448,0.3118502,28.61901,TRAE
Rini,2019,0,429,429,1,424,425,0.4953596,0.04508355,5.442809,TEAE
Socinski,2018,2,391,393,1,393,394,2.005089,0.1825482,22.02368,TRAE
Ribas,2013,1,324,325,0,319,319,1.963303,0.1789002,21.54585,TRAE
Dent,2024,1,292,293,0,294,294,2.00678,0.1829492,22.01248,TRAE
Finn,2020,2,327,329,0,156,156,1.432024,0.1501419,13.65837,TEAE
Yau,2025,1,331,332,1,324,325,0.9789157,0.061486,15.58527,TRAE
Yang,2021,1,133,134,0,129,129,1.926471,0.1767907,20.99255,TRAE
Kelley,2022,1,428,429,0,395,395,1.842227,0.1676881,20.23877,TRAE
Janjigian,2025,14,461,475,11,458,469,1.256651,0.5764414,2.739517,TEAE
Sangro,2025,3,151,154,3,197,200,1.298701,0.2657728,6.346116,TEAE
Sangro,2025,3,229,232,3,197,200,0.862069,0.1759528,4.223648,TEAE
Mitsudomi,2025,1,295,296,0,301,301,2.033557,0.1853737,22.30821,TEAE
